{
	"pattrstorage" : 	{
		"name" : "preset-mix",
		"slots" : 		{
			"1" : 			{
				"id" : 1,
				"data" : 				{
					"bandPassEnable" : [ 1.0 ],
					"freqShift" : [ 0 ],
					"freqShiftEnable" : [ 0.0 ],
					"gain" : [ 0.433070866141732 ],
					"highFreq" : [ 300.0 ],
					"live.text" : [ 0.0 ],
					"lowFreq" : [ 40.0 ],
					"mod_depth" : [ 0.503937005996704 ],
					"moddepth_func" : [ 1000.0, 0.0, 1.0, 0.0, 0.0, 0, 271.551724137931046, 0.5, 0, 603.448275999999964, 0.82, 0, 1000.0, 1.0, 0, "linear" ],
					"pitchSpread" : [ 0 ]
				}

			}
,
			"2" : 			{
				"id" : 2,
				"data" : 				{
					"bandPassEnable" : [ 1.0 ],
					"freqShift" : [ -100 ],
					"freqShiftEnable" : [ 1.0 ],
					"gain" : [ 0.155905511811024 ],
					"highFreq" : [ 500.0 ],
					"live.text" : [  ],
					"lowFreq" : [ 50.0 ],
					"mod_depth" : [ 0.503937005996704 ],
					"moddepth_func" : [ 1000.0, 0.0, 1.0, 0.0, 0.0, 0, 271.551724137931046, 0.5, 0, 603.448275999999964, 0.82, 0, 1000.0, 1.0, 0, "linear" ],
					"pitchSpread" : [ -10 ]
				}

			}
,
			"3" : 			{
				"id" : 3,
				"data" : 				{
					"bandPassEnable" : [ 1.0 ],
					"freqShift" : [ -100 ],
					"freqShiftEnable" : [ 1.0 ],
					"gain" : [ 0.188976377952756 ],
					"highFreq" : [ 500.0 ],
					"live.text" : [  ],
					"lowFreq" : [ 50.0 ],
					"mod_depth" : [ 0.503937005996704 ],
					"moddepth_func" : [ 1000.0, 0.0, 1.0, 0.0, 0.0, 0, 271.551724137931046, 0.5, 0, 603.448275999999964, 0.82, 0, 1000.0, 1.0, 0, "linear" ],
					"pitchSpread" : [ -10 ]
				}

			}

		}

	}

}
