{
	"pattrstorage" : 	{
		"name" : "preset-noise",
		"slots" : 		{
			"1" : 			{
				"id" : 1,
				"data" : 				{
					"bandPassEnable" : [ 0.0 ],
					"gain" : [ 0.0 ],
					"highFreq" : [ 300.0 ],
					"lowFreq" : [ 40.0 ],
					"mod_depth" : [ 0.503937005996704 ],
					"moddepth_func" : [ 1000.0, 0.0, 1.0, 0.0, 0.0, 0, 271.551724137931046, 0.5, 0, 603.448275999999964, 0.82, 0, 1000.0, 1.0, 0, "linear" ]
				}

			}

		}

	}

}
