{
	"pattrstorage" : 	{
		"name" : "preset-sine",
		"slots" : 		{
			"1" : 			{
				"id" : 1,
				"data" : 				{
					"bandPassEnable" : [ 1.0 ],
					"fixedFreq" : [ 128 ],
					"gain" : [ 0.075590551181103 ],
					"highFreq" : [ 400.0 ],
					"live.text" : [ 0.0 ],
					"lowFreq" : [ 10.0 ],
					"pitchTrackEnable" : [ 0.0 ],
					"transpose" : [ 0 ],
					"zToAmp_func" : [ 1000.0, 0.0, 1.0, 0.0, 0.0, 0, 0.0, 1000.0, 1.0, 0, 0.0, "curve" ]
				}

			}
,
			"2" : 			{
				"id" : 2,
				"data" : 				{
					"bandPassEnable" : [ 1.0 ],
					"fixedFreq" : [ 128 ],
					"gain" : [ 0.075590551181103 ],
					"highFreq" : [ 400.0 ],
					"live.text" : [ 0.0 ],
					"lowFreq" : [ 10.0 ],
					"pitchTrackEnable" : [ 1.0 ],
					"transpose" : [ -20 ],
					"zToAmp_func" : [ 1000.0, 0.0, 1.0, 0.0, 0.0, 0, 0.0, 524.443420632448237, 0.178317946304714, 0, 0.0, 1000.0, 1.0, 0, 0.4, "curve" ]
				}

			}
,
			"3" : 			{
				"id" : 3,
				"data" : 				{
					"bandPassEnable" : [ 1.0 ],
					"fixedFreq" : [ 128 ],
					"gain" : [ 0.075590551181103 ],
					"highFreq" : [ 400.0 ],
					"live.text" : [ 0.0 ],
					"lowFreq" : [ 10.0 ],
					"pitchTrackEnable" : [ 0.0 ],
					"transpose" : [ -23 ],
					"zToAmp_func" : [ 1000.0, 0.0, 1.0, 0.0, 1.0, 0, 0.75, 1000.0, 1.0, 0, 0.4, "curve" ]
				}

			}

		}

	}

}
