{
	"pattrstorage" : 	{
		"name" : "preset-noise",
		"slots" : 		{
			"1" : 			{
				"id" : 1,
				"data" : 				{
					"gain" : [ 0.992125984251968 ],
					"highFreq" : [ 500.0 ],
					"live.text" : [ 0.0 ],
					"lowFreq" : [ 10.0 ],
					"zToAmp_func" : [ 1000.0, 0.0, 1.0, 0.0, 0.0, 0, 0.0, 1000.0, 1.0, 0, 0.0, 1000.0, 1.0, 0, 0.0, "curve" ]
				}

			}
,
			"2" : 			{
				"id" : 2,
				"data" : 				{
					"gain" : [ 0.992125984251968 ],
					"highFreq" : [ 500.0 ],
					"live.text" : [ 0.0 ],
					"lowFreq" : [ 10.0 ],
					"zToAmp_func" : [ 1000.0, 0.0, 1.0, 0.0, 0.0, 0, 0.0, 49.459972685501981, 0.448403729799067, 0, 0.65, 109.885497839919111, 1.0, 0, -0.75, 1000.0, 1.0, 0, 0.0, 1000.0, 1.0, 0, 0.0, "curve" ]
				}

			}

		}

	}

}
