{
	"pattrstorage" : 	{
		"name" : "synth_noise-tone",
		"slots" : 		{
			"1" : 			{
				"id" : 1,
				"data" : 				{
					"NoiseAmount" : [ 0.496062992125985 ],
					"amp_func_3" : [ 1000.0, 0.0, 1.0, 0.0, 1.0, 0, 1000.0, 1.0, 0, "linear" ],
					"attack_3" : [ 193.031496062992062 ],
					"env_1" : [ 0.0 ],
					"env_3" : [ 0.0 ],
					"gain" : [ -6.954724409448808 ],
					"noise_func" : [ 1000.0, 0.0, 1.0, 0.0, 1.0, 0, 170.616113744075818, 1.0, 0, 417.061611374407562, 0.927272727272727, 0, 706.161137440758239, 0.563636363636364, 0, 1000.0, 0.0, 0, "linear" ],
					"release_3" : [ 130.669291338582696 ],
					"transposition" : [ -12.0 ],
					"ns_revDryWet" : [ 1.0 ],
					"ns_revdecay" : [ 0.125984251968504 ]
				}

			}
,
			"2" : 			{
				"id" : 2,
				"data" : 				{
					"NoiseAmount" : [ 0.496062992125985 ],
					"amp_func_3" : [ 1000.0, 0.0, 1.0, 0.0, 1.0, 0, 1000.0, 1.0, 0, "linear" ],
					"attack_3" : [ 99.015748031496102 ],
					"env_1" : [ 0.0 ],
					"env_3" : [ 0.0 ],
					"gain" : [ -6.954724409448808 ],
					"noise_func" : [ 1000.0, 0.0, 1.0, 0.0, 1.0, 0, 170.616113744075818, 1.0, 0, 417.061611374407562, 0.927272727272727, 0, 706.161137440758239, 0.563636363636364, 0, 1000.0, 0.0, 0, "linear" ],
					"release_3" : [ 130.669291338582696 ],
					"transposition" : [ -12.0 ],
					"ns_revDryWet" : [ 1.0 ],
					"ns_revdecay" : [ 0.125984251968504 ]
				}

			}
,
			"3" : 			{
				"id" : 3,
				"data" : 				{
					"NoiseAmount" : [ 0.5 ],
					"amp_func_3" : [ 1000.0, 0.0, 1.0, 0.0, 0.0, 0, 236.966824644549774, 0.127272727272727, 0, 729.857819905213319, 0.6, 0, 1000.0, 1.0, 0, "linear" ],
					"attack_3" : [ 20.0 ],
					"env_1" : [  ],
					"env_3" : [ 0.0 ],
					"gain" : [ -6.507217847769034 ],
					"noise_func" : [ 1000.0, 0.0, 1.0, 0.0, 0.0, 0, 293.103454999999997, 0.32, 0, 629.31036400000005, 0.64, 0, 1000.0, 1.0, 0, "linear" ],
					"release_3" : [ 500.0 ],
					"transposition" : [ -23.905511811023597 ],
					"ns_revDryWet" : [ 1.0 ],
					"ns_revdecay" : [ 0.125984251968504 ]
				}

			}

		}

	}

}
