{
	"pattrstorage" : 	{
		"name" : "synth_filt-amp",
		"slots" : 		{
			"1" : 			{
				"id" : 1,
				"data" : 				{
					"FilterFreq_2" : [ 2000.0 ],
					"amp_func_2" : [ 1000.0, 0.0, 1.0, 0.0, 0.0, 0, 283.813747228381374, 0.472727272727273, 0, 700.665188470066482, 0.854545454545454, 0, 1000.0, 1.0, 0, "linear" ],
					"attack_2" : [ 20.0 ],
					"env_2" : [ 0.0 ],
					"filterfreq_func_2" : [ 1000.0, 0.0, 1.0, 0.0, 0.0, 0, 1000.0, 1.0, 0, "linear" ],
					"release_2" : [ 500.0 ]
				}

			}
,
			"2" : 			{
				"id" : 2,
				"data" : 				{
					"FilterFreq_2" : [ 4998.425196850394059 ],
					"amp_func_2" : [ 1000.0, 0.0, 1.0, 0.0, 0.0, 0, 350.332594235033241, 0.290909090909091, 0, 687.361419068736154, 0.636363636363636, 0, 1000.0, 1.0, 0, "linear" ],
					"attack_2" : [ 5.0 ],
					"env_2" : [ 1.0 ],
					"filterfreq_func_2" : [ 1000.0, 0.0, 1.0, 0.0, 0.0, 0, 1000.0, 1.0, 0, "linear" ],
					"release_2" : [ 50.0 ]
				}

			}
,
			"3" : 			{
				"id" : 3,
				"data" : 				{
					"FilterFreq_2" : [ 4998.425196850394059 ],
					"amp_func_2" : [ 1000.0, 0.0, 1.0, 0.0, 0.0, 0, 350.332594235033241, 0.290909090909091, 0, 687.361419068736154, 0.636363636363636, 0, 1000.0, 1.0, 0, "linear" ],
					"attack_2" : [ 5.0 ],
					"env_2" : [ 0.0 ],
					"filterfreq_func_2" : [ 1000.0, 0.0, 1.0, 0.0, 0.0, 0, 1000.0, 1.0, 0, "linear" ],
					"release_2" : [ 1719.29133858267619 ]
				}

			}

		}

	}

}
