{
	"pattrstorage" : 	{
		"name" : "synth_vib-filt",
		"slots" : 		{
			"1" : 			{
				"id" : 1,
				"data" : 				{
					"FilterFreq_1" : [ 1970.866141732282131 ],
					"LFOfreq" : [ 6.803149606299206 ],
					"amp_func_1" : [ 1000.0, 0.0, 1.0, 0.0, 0.0, 0, 211.7117117117117, 0.418181818181818, 0, 527.027027027026975, 0.727272727272727, 0, 1000.0, 1.0, 0, "linear" ],
					"attack_1" : [ 20.0 ],
					"env_1" : [ 0.0 ],
					"filterfreq_func_1" : [ 1000.0, 0.0, 1.0, 0.0, 0.0, 0, 336.206897000000026, 0.26, 0, 775.86206900000002, 0.7, 0, 1000.0, 1.0, 0, "linear" ],
					"lfofreq_func" : [ 1000.0, 0.0, 1.0, 0.0, 0.0, 0, 431.034482758620697, 0.14, 0, 767.241379310344882, 0.48, 0, 1000.0, 1.0, 0, "linear" ],
					"mod_depth" : [ 0.220472440944881 ],
					"moddepth_func" : [ 1000.0, 0.0, 1.0, 0.0, 0.0, 0, 383.747178329571113, 0.018181818181818, 0, 722.347629796839783, 0.509090909090909, 0, 1000.0, 1.0, 0, "linear" ],
					"release_1" : [ 500.0 ]
				}

			}
,
			"2" : 			{
				"id" : 2,
				"data" : 				{
					"FilterFreq_1" : [ 1970.866141732282131 ],
					"LFOfreq" : [ 6.803149606299206 ],
					"amp_func_1" : [ 1000.0, 0.0, 1.0, 0.0, 0.0, 0, 327.586207000000002, 0.1, 0, 1000.0, 1.0, 0, "linear" ],
					"attack_1" : [ 5.0 ],
					"env_1" : [ 1.0 ],
					"filterfreq_func_1" : [ 1000.0, 0.0, 1.0, 0.0, 0.0, 0, 336.206897000000026, 0.26, 0, 775.86206900000002, 0.7, 0, 1000.0, 1.0, 0, "linear" ],
					"lfofreq_func" : [ 1000.0, 0.0, 1.0, 0.0, 0.0, 0, 431.034482758620697, 0.14, 0, 767.241379310344882, 0.48, 0, 1000.0, 1.0, 0, "linear" ],
					"mod_depth" : [ 0.220472440944881 ],
					"moddepth_func" : [ 1000.0, 0.0, 1.0, 0.0, 0.0, 0, 383.747178329571113, 0.018181818181818, 0, 722.347629796839783, 0.509090909090909, 0, 1000.0, 1.0, 0, "linear" ],
					"release_1" : [ 500.0 ]
				}

			}
,
			"3" : 			{
				"id" : 3,
				"data" : 				{
					"FilterFreq_1" : [ 2954.724409448815095 ],
					"LFOfreq" : [ 11.716535433070852 ],
					"amp_func_1" : [ 1000.0, 0.0, 1.0, 0.0, 0.0, 0, 211.7117117117117, 0.418181818181818, 0, 527.027027027026975, 0.727272727272727, 0, 1000.0, 1.0, 0, "linear" ],
					"attack_1" : [ 20.0 ],
					"env_1" : [ 0.0 ],
					"filterfreq_func_1" : [ 1000.0, 0.0, 1.0, 0.0, 0.0, 0, 336.206897000000026, 0.26, 0, 775.86206900000002, 0.7, 0, 1000.0, 1.0, 0, "linear" ],
					"lfofreq_func" : [ 1000.0, 0.0, 1.0, 0.0, 0.0, 0, 431.034482758620697, 0.14, 0, 783.783783783783747, 0.6, 0, 1000.0, 1.0, 0, "linear" ],
					"mod_depth" : [ 0.377952755905511 ],
					"moddepth_func" : [ 1000.0, 0.0, 1.0, 0.0, 0.0, 0, 316.027088036117391, 0.0, 0, 722.347629796839783, 0.509090909090909, 0, 1000.0, 1.0, 0, "linear" ],
					"release_1" : [ 1602.362204724408912 ]
				}

			}

		}

	}

}
