{
	"pattrstorage" : 	{
		"name" : "synth_noise-tone",
		"slots" : 		{
			"1" : 			{
				"id" : 1,
				"data" : 				{
					"NoiseAmount" : [ 0.5 ],
					"amp_func_3" : [ 1000.0, 0.0, 1.0, 0.0, 0.0, 0, 236.966824644549774, 0.127272727272727, 0, 729.857819905213319, 0.6, 0, 1000.0, 1.0, 0, "linear" ],
					"attack_3" : [ 20.0 ],
					"env_3" : [ 0.0 ],
					"gain" : [ -5.385826771653541 ],
					"noise_func" : [ 1000.0, 0.0, 1.0, 0.0, 0.0, 0, 293.103454999999997, 0.32, 0, 629.31036400000005, 0.64, 0, 1000.0, 1.0, 0, "linear" ],
					"release_3" : [ 500.0 ],
					"transposition" : [ 0.0 ],
					"ns_revOnOff" : [ 1 ],
					"ns_revDryWet" : [ 1.0 ],
					"ns_revdecay" : [ 0.125984251968504 ]
				}

			}
,
			"2" : 			{
				"id" : 2,
				"data" : 				{
					"NoiseAmount" : [ 0.5 ],
					"amp_func_3" : [ 1000.0, 0.0, 1.0, 0.0, 0.0, 0, 236.966824644549774, 0.127272727272727, 0, 729.857819905213319, 0.6, 0, 1000.0, 1.0, 0, "linear" ],
					"attack_3" : [ 20.0 ],
					"env_3" : [ 0.0 ],
					"gain" : [ -4.711942257217856 ],
					"noise_func" : [ 1000.0, 0.0, 1.0, 0.0, 0.0, 0, 293.103454999999997, 0.32, 0, 629.31036400000005, 0.64, 0, 1000.0, 1.0, 0, "linear" ],
					"release_3" : [ 500.0 ],
					"transposition" : [ -24.0 ],
					"ns_revOnOff" : [ 1 ],
					"ns_revDryWet" : [ 1.0 ],
					"ns_revdecay" : [ 0.125984251968504 ]
				}

			}
,
			"3" : 			{
				"id" : 3,
				"data" : 				{
					"NoiseAmount" : [ 0.5 ],
					"amp_func_3" : [ 1000.0, 0.0, 1.0, 0.0, 0.0, 0, 215.51724200000001, 0.54, 0, 620.68963599999995, 0.7, 0, 1000.0, 1.0, 0, "linear" ],
					"attack_3" : [ 2.0 ],
					"env_3" : [ 0.0 ],
					"gain" : [ -11.370078740157467 ],
					"noise_func" : [ 1000.0, 0.0, 1.0, 0.0, 0.0, 0, 293.103454999999997, 0.32, 0, 629.31036400000005, 0.64, 0, 1000.0, 1.0, 0, "linear" ],
					"release_3" : [ 1342.834645669290694 ],
					"transposition" : [  ],
					"ns_revOnOff" : [ 0 ],
					"ns_revDryWet" : [  ],
					"ns_revdecay" : [  ]
				}

			}

		}

	}

}
