{
	"pattrstorage" : 	{
		"name" : "synth_vib-filt",
		"slots" : 		{
			"1" : 			{
				"id" : 1,
				"data" : 				{
					"FilterFreq_1" : [ 1642.913385826772128 ],
					"LFOfreq" : [ 24.0 ],
					"amp_func_1" : [ 1000.0, 0.0, 1.0, 0.0, 0.0, 0, 85.585585585585591, 0.272727272727273, 0, 193.693693693693689, 0.490909090909091, 0, 324.324324324324323, 0.618181818181818, 0, 495.495495495495504, 0.727272727272727, 0, 1000.0, 1.0, 0, "linear" ],
					"attack_1" : [ 0.0 ],
					"env_1" : [ 0.0 ],
					"filterfreq_func_1" : [ 1000.0, 0.0, 1.0, 0.0, 0.0, 0, 265.765765765765764, 0.090909090909091, 0, 558.558558558558502, 0.327272727272727, 0, 819.819819819819827, 0.581818181818182, 0, 1000.0, 1.0, 0, "linear" ],
					"gain" : [  ],
					"lfofreq_func" : [ 1000.0, 0.0, 1.0, 0.0, 0.0, 0, 342.342342342342363, 0.090909090909091, 0, 662.16216216216219, 0.272727272727273, 0, 887.387387387387435, 0.6, 0, 1000.0, 1.0, 0, "linear" ],
					"mod_depth" : [ 0.220472440944883 ],
					"moddepth_func" : [ 1000.0, 0.0, 1.0, 0.0, 0.0, 0, 383.747178329571113, 0.018181818181818, 0, 722.347629796839783, 0.509090909090909, 0, 1000.0, 1.0, 0, "linear" ],
					"release_1" : [ 31.496062992125985 ],
					"transposition" : [ -12.188976377952773 ],
					"vf_revDryWet" : [ 0.866141732283465 ],
					"vf_revdecay" : [ 0.196850393700788 ]
				}

			}
,
			"2" : 			{
				"id" : 2,
				"data" : 				{
					"FilterFreq_1" : [ 1642.913385826772128 ],
					"LFOfreq" : [ 24.0 ],
					"amp_func_1" : [ 1000.0, 0.0, 1.0, 0.0, 0.0, 0, 85.585585585585591, 0.272727272727273, 0, 193.693693693693689, 0.490909090909091, 0, 324.324324324324323, 0.618181818181818, 0, 495.495495495495504, 0.727272727272727, 0, 1000.0, 1.0, 0, "linear" ],
					"attack_1" : [ 0.0 ],
					"env_1" : [ 0.0 ],
					"filterfreq_func_1" : [ 1000.0, 0.0, 1.0, 0.0, 0.0, 0, 265.765765765765764, 0.090909090909091, 0, 558.558558558558502, 0.327272727272727, 0, 819.819819819819827, 0.581818181818182, 0, 1000.0, 1.0, 0, "linear" ],
					"gain" : [  ],
					"lfofreq_func" : [ 1000.0, 0.0, 1.0, 0.0, 0.0, 0, 342.342342342342363, 0.090909090909091, 0, 662.16216216216219, 0.272727272727273, 0, 887.387387387387435, 0.6, 0, 1000.0, 1.0, 0, "linear" ],
					"mod_depth" : [ 0.220472440944883 ],
					"moddepth_func" : [ 1000.0, 0.0, 1.0, 0.0, 0.0, 0, 383.747178329571113, 0.018181818181818, 0, 722.347629796839783, 0.509090909090909, 0, 1000.0, 1.0, 0, "linear" ],
					"release_1" : [ 31.496062992125985 ],
					"transposition" : [ -12.188976377952773 ],
					"vf_revDryWet" : [ 0.866141732283465 ],
					"vf_revdecay" : [ 0.196850393700788 ]
				}

			}
,
			"3" : 			{
				"id" : 3,
				"data" : 				{
					"FilterFreq_1" : [ 2954.724409448815095 ],
					"LFOfreq" : [ 11.716535433070852 ],
					"amp_func_1" : [ 1000.0, 0.0, 1.0, 0.0, 0.0, 0, 211.7117117117117, 0.418181818181818, 0, 527.027027027026975, 0.727272727272727, 0, 1000.0, 1.0, 0, "linear" ],
					"attack_1" : [ 98.740157480314963 ],
					"env_1" : [ 0.0 ],
					"filterfreq_func_1" : [ 1000.0, 0.0, 1.0, 0.0, 0.0, 0, 336.206897000000026, 0.26, 0, 775.86206900000002, 0.7, 0, 1000.0, 1.0, 0, "linear" ],
					"gain" : [ 0.0 ],
					"lfofreq_func" : [ 1000.0, 0.0, 1.0, 0.0, 0.0, 0, 431.034482758620697, 0.14, 0, 783.783783783783747, 0.6, 0, 1000.0, 1.0, 0, "linear" ],
					"mod_depth" : [ 0.377952755905511 ],
					"moddepth_func" : [ 1000.0, 0.0, 1.0, 0.0, 0.0, 0, 316.027088036117391, 0.0, 0, 722.347629796839783, 0.509090909090909, 0, 1000.0, 1.0, 0, "linear" ],
					"release_1" : [ 1602.362204724408912 ],
					"transposition" : [ -24.0 ],
					"vf_revDryWet" : [ 1.0 ],
					"vf_revdecay" : [ 0.125984251968504 ]
				}

			}
,
			"4" : 			{
				"id" : 4,
				"data" : 				{
					"FilterFreq_1" : [ 1970.866141732282131 ],
					"LFOfreq" : [ 6.803149606299206 ],
					"amp_func_1" : [ 1000.0, 0.0, 1.0, 0.0, 0.0, 0, 85.585585585585591, 0.272727272727273, 0, 193.693693693693689, 0.490909090909091, 0, 324.324324324324323, 0.618181818181818, 0, 495.495495495495504, 0.727272727272727, 0, 1000.0, 1.0, 0, "linear" ],
					"attack_1" : [ 0.0 ],
					"env_1" : [ 0.0 ],
					"filterfreq_func_1" : [ 1000.0, 0.0, 1.0, 0.0, 0.0, 0, 336.206897000000026, 0.26, 0, 775.86206900000002, 0.7, 0, 1000.0, 1.0, 0, "linear" ],
					"gain" : [  ],
					"lfofreq_func" : [ 1000.0, 0.0, 1.0, 0.0, 0.0, 0, 431.034482758620697, 0.14, 0, 767.241379310344882, 0.48, 0, 1000.0, 1.0, 0, "linear" ],
					"mod_depth" : [ 0.220472440944881 ],
					"moddepth_func" : [ 1000.0, 0.0, 1.0, 0.0, 0.0, 0, 383.747178329571113, 0.018181818181818, 0, 722.347629796839783, 0.509090909090909, 0, 1000.0, 1.0, 0, "linear" ],
					"release_1" : [ 31.496062992125985 ],
					"transposition" : [  ],
					"vf_revDryWet" : [  ],
					"vf_revdecay" : [  ]
				}

			}

		}

	}

}
